Workbook

Sheet Инструкция
A1: Обзвон стоматологий Алматы
A2: Заполнять только жёлтые клетки на листе «Обзвон». Остальное считается само.
B4: КОГДА ЗВОНИТЬ
A5: Раб. | B5: Вторник или среда, около 11:00. Один звонок. Это точка отсчёта: без неё вечерние цифры не с чем сравнить.
A6: Веч.1 / Веч.2 | B6: Будний вечер: 20:30 и повтор в 20:40.
A7: Сб.1 / Сб.2 | B7: Суббота: 13:00 и повтор в 13:10.
A8: Вс.1 / Вс.2 | B8: Воскресенье: 12:00 и повтор в 12:10.
B9: Ждать шесть гудков. Повтор через десять минут обязателен — один неотвеченный звонок ничего не доказывает.
B10: Порядок: сначала приоритет A, потом B. Группа C — если останется время, у них вечернего окна почти нет.
B12: КОДЫ
A13: Ч | B13: ответил живой человек
A14: А | B14: автоответчик или голосовое сообщение
A15: Г | B15: гудки, никто не взял трубку
A16: З | B16: занято
A17: Н | B17: номер недоступен или не существует
A18: С | B18: сбросили звонок
B19: Клетка подсвечивается сама: зелёным если ответили, красным если гудки.
B21: ПРИМЕР ЗАПОЛНЕНИЯ
A22: Клиника | B22: Раб. | C22: Веч.1 | D22: Веч.2 | E22: Сб.1 | F22: Сб.2 | G22: Вс.1 | H22: Вс.2 | I22: Заметки
A23: Ажар Дент | B23: Ч | C23: Г | D23: Г | E23: Г | F23: А | G23: Г | H23: Г | I23: Днём ответил администратор. Сказала, что вечером никого нет. Автоответчик в субботу: «клиника работает с 9 до 19». Перезвонили в пн 09:14.
B26: ЕСЛИ СНЯЛИ ТРУБКУ
B27: Представиться и сказать правду, без легенд: «Здравствуйте. Я провожу небольшое исследование по клиникам Алматы, буквально два вопроса, если у вас есть полминуты».
A28: 1. | B28: У вас можно записаться по телефону вечером, после закрытия?
A29: 2. | B29: Кто отвечает на звонки в выходные — администратор или кто-то дежурит?
A30: 3. | B30: Сколько примерно записавшихся до вас не доходит? — самый ценный вопрос, ответ записывать целиком и своими словами.
B32: ЧЕГО ДЕЛАТЬ НЕЛЬЗЯ
B33: Не притворяться пациентом. Ни при каких условиях.
B34: Не молчать в трубку. Ответили — сразу говорим.
B35: Ничего не предлагать и не продавать. Сейчас мы только считаем.
B36: Не спорить и не уговаривать. Отказались — спасибо, до свидания.
B38: Звонить с одного номера все дни, и с того, на который готовы ответить утром. Часть клиник перезвонит на пропущенный — записывайте дату и время в колонку «Перезвонили».
B40: Телефоны, часы и районы взяты из 2ГИС 22 августа 2026 года. Если клиника называет другой график — впишите в заметки.

Sheet Обзвон
A1: № | B1: Клиника | C1: Телефон | D1: Район | E1: Часы по 2ГИС | F1: Приор. | G1: Раб. | H1: Веч.1 | I1: Веч.2 | J1: Сб.1 | K1: Сб.2 | L1: Вс.1 | M1: Вс.2 | N1: Гудков | O1: Ответов | P1: Перезвонили | Q1: Заметки
A2: 1 | B2: Ажар Дент | C2: +7 705 222 99 22 | D2: Жетысуский | E2: 09:00-19:00 | F2: A | N2: =COUNTIF(H2:M2,"Г") | O2: =COUNTIF(H2:M2,"Ч")
A3: 2 | B3: Empire dental clinic | C3: +7 778 114 76 94 | D3: Бостандыкский | E3: 10:00-20:00 | F3: A | N3: =COUNTIF(H3:M3,"Г") | O3: =COUNTIF(H3:M3,"Ч")
A4: 3 | B4: AylinDent | C4: +7 707 963 30 44 | D4: Ауэзовский | E4: 09:00-21:00 ежедневно | F4: A | N4: =COUNTIF(H4:M4,"Г") | O4: =COUNTIF(H4:M4,"Ч")
A5: 4 | B5: Light Dental Clinic | C5: +7 705 333 19 99 | D5: Ауэзовский | E5: 09:00-21:00 | F5: A | N5: =COUNTIF(H5:M5,"Г") | O5: =COUNTIF(H5:M5,"Ч")
A6: 5 | B6: Kids Stom | C6: +7 707 220 80 00 | D6: Бостандыкский | E6: 09:00-21:00 ежедневно | F6: A | N6: =COUNTIF(H6:M6,"Г") | O6: =COUNTIF(H6:M6,"Ч")
A7: 6 | B7: Sara clinic | C7: +7 707 675 70 00 | D7: Ауэзовский | E7: 09:00-21:00 ежедневно | F7: A | N7: =COUNTIF(H7:M7,"Г") | O7: =COUNTIF(H7:M7,"Ч")
A8: 7 | B8: DS Stomatology | C8: +7 771 267 61 27 | D8: Талгарский | E8: 09:00-21:00 ежедневно | F8: A | N8: =COUNTIF(H8:M8,"Г") | O8: =COUNTIF(H8:M8,"Ч")
A9: 8 | B9: Ever Smile | C9: +7 747 900 30 09 | D9: Алмалинский | E9: 10:00-22:00 обед 12:00-14:30 | F9: A | N9: =COUNTIF(H9:M9,"Г") | O9: =COUNTIF(H9:M9,"Ч")
A10: 9 | B10: Top Smile | C10: +7 747 085 70 71 | D10: Бостандыкский | E10: 10:00-22:00 ежедневно по записи | F10: A | N10: =COUNTIF(H10:M10,"Г") | O10: =COUNTIF(H10:M10,"Ч")
A11: 10 | B11: Dobro Dent | C11: +7 775 030 09 99 | D11: Бостандыкский | E11: 09:00-22:00 ежедневно | F11: A | N11: =COUNTIF(H11:M11,"Г") | O11: =COUNTIF(H11:M11,"Ч")
A12: 11 | B12: Doctor Dent | C12: +7 705 170 78 59 | D12: Бостандыкский | E12: не указаны | F12: B | N12: =COUNTIF(H12:M12,"Г") | O12: =COUNTIF(H12:M12,"Ч")
A13: 12 | B13: Dr. Baratov | C13: +7 707 189 36 45 | D13: Алмалинский | E13: не указаны | F13: B | N13: =COUNTIF(H13:M13,"Г") | O13: =COUNTIF(H13:M13,"Ч")
... A48: 47 | B48: Elit Dent | C48: +7 708 269 71 00 | D48: Бостандыкский | E48: круглосуточно | F48: C | N48: =COUNTIF(H48:M48,"Г") | O48: =COUNTIF(H48:M48,"Ч")

Sheet Итоги
A1: Итоги обзвона
A2: Считается автоматически по листу «Обзвон». Ничего заполнять не нужно.
A4: Окно | B4: Сделано звонков | C4: Ответил человек | D4: Гудки без ответа | E4: Доля гудков
A5: Рабочее время | B5: =COUNTA(Обзвон!$G$2:$G$48) | C5: =COUNTIF(Обзвон!$G$2:$G$48,"Ч") | D5: =COUNTIF(Обзвон!$G$2:$G$48,"Г") | E5: =IFERROR(COUNTIF(Обзвон!$G$2:$G$48,"Г")/COUNTA(Обзвон!$G$2:$G$48),"")
A6: Будний вечер | B6: =COUNTA(Обзвон!$H$2:$I$48) | C6: =COUNTIF(Обзвон!$H$2:$I$48,"Ч") | D6: =COUNTIF(Обзвон!$H$2:$I$48,"Г") | E6: =IFERROR(COUNTIF(Обзвон!$H$2:$I$48,"Г")/COUNTA(Обзвон!$H$2:$I$48),"")
A7: Суббота | B7: =COUNTA(Обзвон!$J$2:$K$48) | C7: =COUNTIF(Обзвон!$J$2:$K$48,"Ч") | D7: =COUNTIF(Обзвон!$J$2:$K$48,"Г") | E7: =IFERROR(COUNTIF(Обзвон!$J$2:$K$48,"Г")/COUNTA(Обзвон!$J$2:$K$48),"")
A8: Воскресенье | B8: =COUNTA(Обзвон!$L$2:$M$48) | C8: =COUNTIF(Обзвон!$L$2:$M$48,"Ч") | D8: =COUNTIF(Обзвон!$L$2:$M$48,"Г") | E8: =IFERROR(COUNTIF(Обзвон!$L$2:$M$48,"Г")/COUNTA(Обзвон!$L$2:$M$48),"")
A11: Что это значит
A12: Порог по вечернему окну | B12: =IF(E6="","нет данных",IF(E6>0.4,"Продолжаем — гипотеза держится",IF(E6<0.25,"Дверь закрыта — менять нишу или окно","Пограничная зона — смотреть качество ответов")))
A14: • Больше 40% гудков вечером — продолжаем.
A15: • Меньше 25% — клиники закрывают вечер сами, эта дверь не наша.
A16: • Между 25% и 40% — смотрим заметки: автоответчик без записи и «перезвоните завтра» считаем потерянным звонком.
A19: Кандидаты на разговор
A20: Отсортируйте лист «Обзвон» по колонке «Гудков» по убыванию. Сверху окажутся клиники, которые не ответили ни разу — с них и начинаем.
A22: Клиник, не ответивших ни разу (6 из 6) | B22: =COUNTIF(Обзвон!$N$2:$N$48,6)
A23: Клиник, где хотя бы раз ответил человек | B23: =COUNTIF(Обзвон!$O$2:$O$48,">0")
